name,slug,country,founded_year,logo_url,website_url,description,is_active,sort_order,id,created_at,updated_at,deleted_at,is_deleted
Aprilia,aprilia,Global,,,,,1,0,be39d73bbc15404b82b61c43433323c1,2026-07-24 15:22:07,2026-07-24 15:22:07,,0
Ather,ather,Global,,,,,1,0,4e4268023fdf4ecea25767c1d37dcf58,2026-07-24 15:22:07,2026-07-24 15:22:07,,0
Bajaj,bajaj,Global,,,,,1,0,5a2d0d631147490e809cada2506ddac2,2026-07-24 15:22:07,2026-07-24 15:22:07,,0
Benelli,benelli,Global,,,,,1,0,de996c5d3c574e97babbf2fb7124c593,2026-07-24 15:22:07,2026-07-24 15:22:07,,0
Beta,beta,Global,,,,,1,0,3fc7a775621d4c6faeb7c4dbd0ae4b9e,2026-07-24 15:22:07,2026-07-24 15:22:07,,0
Bmw Motorrad,bmw-motorrad,Global,,,,,1,0,20a3d19ab1b04fe885f46063f33a02a5,2026-07-24 15:22:07,2026-07-24 15:22:07,,0
Brixton,brixton,Global,,,,,1,0,164fbde7e9c54515a936d20d72248d93,2026-07-24 15:22:07,2026-07-24 15:22:07,,0
Bsa,bsa,Global,,,,,1,0,e527e927070f4f72bb996a263718aabc,2026-07-24 15:22:07,2026-07-24 15:22:07,,0
Cfmoto,cfmoto,Global,,,,,1,0,b14ae2679eb34f4587cfa118568bc09d,2026-07-24 15:22:07,2026-07-24 15:22:07,,0
Ducati,ducati,Global,,,,,1,0,eb5752b38d0b450cbce319845830bcc3,2026-07-24 15:22:07,2026-07-24 15:22:07,,0
Fantic,fantic,Global,,,,,1,0,afffccef1ad04a8e997640d806201ceb,2026-07-24 15:22:07,2026-07-24 15:22:07,,0
Gasgas,gasgas,Global,,,,,1,0,5424f6881cd849568fd48b614b679081,2026-07-24 15:22:07,2026-07-24 15:22:07,,0
Harley Davidson,harley-davidson,Global,,,,,1,0,e38fb2c97314490ab560a6d68d7522b0,2026-07-24 15:22:07,2026-07-24 15:22:07,,0
Hero,hero,Global,,,,,1,0,e2be7326201f47e7ad7ba1d6a4ed4d74,2026-07-24 15:22:07,2026-07-24 15:22:07,,0
Honda,honda,Global,,,,,1,0,f419b4c8392a4055b46b4046ade894d0,2026-07-24 15:22:07,2026-07-24 15:22:07,,0
Husqvarna,husqvarna,Global,,,,,1,0,9eef47554d0b4b63b97d8ca3a5f8224a,2026-07-24 15:22:07,2026-07-24 15:22:07,,0
Hyosung,hyosung,Global,,,,,1,0,e452f53ce02b4ff989be2c0a48829e0b,2026-07-24 15:22:07,2026-07-24 15:22:07,,0
Jawa,jawa,Global,,,,,1,0,661dd54a28624c34b6c3e20d54b4ac30,2026-07-24 15:22:07,2026-07-24 15:22:07,,0
Kawasaki,kawasaki,Global,,,,,1,0,d10dc5c0f4f946cfa753cb7c9cb3a0bb,2026-07-24 15:22:07,2026-07-24 15:22:07,,0
Keeway,keeway,Global,,,,,1,0,f4c20800cfd143d5b545257794c9a886,2026-07-24 15:22:07,2026-07-24 15:22:07,,0
Ktm,ktm,Global,,,,,1,0,6591701aa0bf4468a7f8b508db74eaf5,2026-07-24 15:22:07,2026-07-24 15:22:07,,0
Kymco,kymco,Global,,,,,1,0,793bee2e4d4f40a3994386fcc635b171,2026-07-24 15:22:07,2026-07-24 15:22:07,,0
Mash,mash,Global,,,,,1,0,003816b2967145a09d89c261f9c96258,2026-07-24 15:22:07,2026-07-24 15:22:07,,0
Matter,matter,Global,,,,,1,0,a69d244f887e41b0bf90db1506eb2717,2026-07-24 15:22:07,2026-07-24 15:22:07,,0
Moto Guzzi,moto-guzzi,Global,,,,,1,0,d751afdcbe4a41bb8d8191eb4df22c44,2026-07-24 15:22:07,2026-07-24 15:22:07,,0
Moto Morini,moto-morini,Global,,,,,1,0,3eb8e20b7acf4abfad0ebf826adc5929,2026-07-24 15:22:07,2026-07-24 15:22:07,,0
Mv Agusta,mv-agusta,Global,,,,,1,0,3c8ced1054aa4cd596554c4ea6d4f502,2026-07-24 15:22:07,2026-07-24 15:22:07,,0
Norton,norton,Global,,,,,1,0,b0e5b46849004f04a92ebd37498087d3,2026-07-24 15:22:07,2026-07-24 15:22:07,,0
Ola Electric,ola-electric,Global,,,,,1,0,16389d49a14b4203ad0308f2b8e61805,2026-07-24 15:22:07,2026-07-24 15:22:07,,0
Piaggio,piaggio,Global,,,,,1,0,27e796c05572485e957d35b8d3ead42c,2026-07-24 15:22:07,2026-07-24 15:22:07,,0
Qjmotor,qjmotor,Global,,,,,1,0,2e01215542b8497fb5a6cd5a441de21b,2026-07-24 15:22:07,2026-07-24 15:22:07,,0
Revolt,revolt,Global,,,,,1,0,d25b7711496c48a68204670d72411275,2026-07-24 15:22:07,2026-07-24 15:22:07,,0
Royal Enfield,royal-enfield,Global,,,,,1,0,e8f9e53bd4a74ea095066149219f2c2b,2026-07-24 15:22:07,2026-07-24 15:22:07,,0
Sherco,sherco,Global,,,,,1,0,8dfe3fd61aad48848ab93656a150026f,2026-07-24 15:22:07,2026-07-24 15:22:07,,0
Suzuki,suzuki,Global,,,,,1,0,546f02d35ce2440e98bd72a11f71d78e,2026-07-24 15:22:07,2026-07-24 15:22:07,,0
Sym,sym,Global,,,,,1,0,a25d47c1d72649a2b7b9a28ea3cbe6f5,2026-07-24 15:22:07,2026-07-24 15:22:07,,0
Triumph,triumph,Global,,,,,1,0,38df9e8b1382437087980bb1b49d4f0d,2026-07-24 15:22:07,2026-07-24 15:22:07,,0
Tvs,tvs,Global,,,,,1,0,ac0b4bdce404450bae09f234edb8d26a,2026-07-24 15:22:07,2026-07-24 15:22:07,,0
Ultraviolette,ultraviolette,Global,,,,,1,0,c7905d63229048beb0d57010ad1b3266,2026-07-24 15:22:07,2026-07-24 15:22:07,,0
Um Motorcycles,um-motorcycles,Global,,,,,1,0,a8ef45a5e3da441d9e0de7540960fe4a,2026-07-24 15:22:07,2026-07-24 15:22:07,,0
Ural,ural,Global,,,,,1,0,efc7425131dd43b0bf61b1ab8d854bda,2026-07-24 15:22:07,2026-07-24 15:22:07,,0
Vespa,vespa,Global,,,,,1,0,01bb3862b9a04d7cbb7150f29e9e1b7b,2026-07-24 15:22:07,2026-07-24 15:22:07,,0
Yamaha,yamaha,Global,,,,,1,0,28393b2d0e604d478eabf81117aaa002,2026-07-24 15:22:07,2026-07-24 15:22:07,,0
Yezdi,yezdi,Global,,,,,1,0,abd199a995fd4859b5f54c07c3287135,2026-07-24 15:22:07,2026-07-24 15:22:07,,0
Zero Motorcycles,zero-motorcycles,Global,,,,,1,0,df25e19531a149b59d5baf3291296b1f,2026-07-24 15:22:07,2026-07-24 15:22:07,,0
Zontes,zontes,Global,,,,,1,0,822e6aeeabcd4f8a8aa2aa3b43efeca1,2026-07-24 15:22:07,2026-07-24 15:22:07,,0
