id,category,brand_name,model_name,description,price_inr,hp_change_bhp,torque_change_nm,weight_change_kg,material,is_legal_for_road
4e23a96530f845159a91012ff71af6e2,Auxiliary Lights & Lighting,Code6 Lighting,Code6 60W Quad LED Auxiliary Fog Lights,Universal 60W IP68-rated quad LED fog lights; fits any motorcycle with 22-28mm handlebar,3200.0,0.0,0.0,0.4,Die-Cast Aluminium / IP68 Lens,1
24c19c5bab8e4db8b9b91088e6f0b498,Auxiliary Lights & Lighting,Denali,Denali D4 TriOptic High-Output LED Auxiliary Light Kit,8760 lumens dual intensity LED pod light kit with spot & hybrid lenses for total night trail visibility.,42000.0,0.0,0.0,1.2,Die-Cast Aluminum,1
ebfa5cd77daf4d40b4332724a5a8d57f,Bumpers & Crash Protection,Hepco & Becker,Hepco & Becker Heavy Duty Crash Guards & Skid Plate,Tubular steel engine guard cage and 4mm aluminum sump guard engineered for extreme off-road rock protection.,28500.0,0.0,0.0,3.4,Steel & 4mm Aluminum,1
0a23758534a849b1a6212540bd9a745c,Bumpers & Crash Protection,KTM Powerparts,KTM Powerparts Frame Sliders & Crash Pads (Duke 390),Genuine KTM Powerparts crash sliders specifically engineered for Duke 390; track-proven,5200.0,0.0,0.0,0.6,Anodised Aluminium / POM,1
5f762c1797c24776b62b4b3894c752b4,Bumpers & Crash Protection,Legundary,Legundary Crash Protector Kit (GT 650),"Full crash protector set for Continental GT 650 with frame sliders, bar-end sliders, and engine guards",6500.0,0.0,0.0,2.4,6061 Aluminium / Polyoxymethylene,1
847b0fc116344dffa75f8f3948e48865,Bumpers & Crash Protection,R&G Racing,R&G Racing Aero Frame Sliders & Engine Case Covers,High impact HDPE teardrop frame bobbins and engine case protectors preventing costly fairing damage in drops.,19500.0,0.0,0.0,0.8,HDPE & Aluminum,1
2d2fea35b986442abe172904f237b827,Bumpers & Crash Protection,Zana Motorcycles,Zana Heavy-Duty Bumper & Engine Guard (GT 650),Powder-coated steel bumper + engine guard with bar-end sliders for Continental GT 650,4800.0,0.0,0.0,1.8,Powder-Coated MS Steel,1
3b72cabdb1a04fb9aa1ab4244a288cd8,Bumpers & Crash Protection,Zana Motorcycles,Zana Himalayan 450 Knuckle Guard Set,Heavy-duty aluminium knuckle guards for Himalayan 450; hand protection for trail riding,3800.0,0.0,0.0,0.8,6061 Aluminium,1
a1cb4d4ced5443d89a856466e6ad8a71,ECU Chips & Tuning,Bazzaz,Bazzaz Z-FI TC Traction Control + Fuel System (R15 V4),Full traction control + fuel controller for Yamaha R15 V4; race-ready setup,28000.0,4.8,3.8,0.0,PCB / Aluminium,1
aad80f578414420b8b8aac468c2a5cec,ECU Chips & Tuning,PowerTRONIC,PowerTRONIC V4 ECU for KTM Duke 390,"Dedicated piggyback ECU for KTM Duke 390; Sport/Track map toggle, wheelie control adjust",16500.0,5.5,4.8,0.0,PCB / Aluminium Enclosure,1
ec11c9e7ab05435aa32a44f475c9834f,ECU Chips & Tuning,PowerTRONIC,PowerTRONIC V4 ECU for RE 650 Twins,"Piggyback ECU module for RE 650 Twins; dual map toggle, rev limiter unlock, +6BHP",18000.0,6.0,5.2,0.0,PCB / Aluminium Enclosure,1
f0b1ce56a5564211b1c43cff449772d2,ECU Chips & Tuning,UpMap,UpMap T800+ ECU Flasher with Gabro Racing Map,Smartphone controlled ECU flashing module pre-loaded with custom dyno tuned fuel & ignition maps.,38000.0,5.8,4.1,0.0,Electronics,1
f199b128fc4949b8a5a00a8c461ffed5,Ergonomics & Touring Seats,Aprilia OEM,Aprilia Ergonomic Comfort Gel Touring Seat,Official accessory seat with 3D gel inserts and anti-slip cover designed to reduce fatigue on long journeys.,14000.0,0.0,0.0,0.2,3D Gel & Vinyl,1
c52645b6169a4450a9c9fe1979bddaeb,Ergonomics & Touring Seats,Motero Comfort,Motero Dual-Gel Touring Seat (RE 650),Memory foam + dual-gel touring seat for RE Continental GT 650; eliminates fatigue on long rides,4200.0,0.0,0.0,0.3,Memory Foam / Dual Gel,1
d599d93752fb4bc4bfb01ad4159a711c,Exhaust Systems,AEW Exhausts,AEW 102 Stainless Steel Full Exhaust System,Hand-crafted 102mm stainless steel full exhaust with baffle for Continental GT 650 & Interceptor 650,22500.0,3.5,3.0,-3.2,Stainless Steel 304,1
69240e7fdc3d4210833c40a064e7301e,Exhaust Systems,Akrapovic,Akrapovic Evolution Full Exhaust (CBR650R),Full titanium system for Honda CBR650R; dyno-proven +8 BHP gain,82000.0,8.0,5.2,-6.2,Titanium / Carbon,0
43215dbc61ff42efb6e3d3ab59aee770,Exhaust Systems,Akrapovic,Akrapovic Racing Line Full Exhaust (Ninja 400),Stainless steel full system optimized for Kawasaki Ninja 400; street-legal version available,55000.0,5.0,4.2,-3.6,Stainless / Titanium,1
234b7cafcbcc499fb52021006e2bcc02,Exhaust Systems,Akrapovic,Akrapovic S-Y10SO47-HAPC Slip-On Racing Exhaust,World-class Akrapovic titanium slip-on system for Yamaha R15 V4; race-proven +5.2bhp,68500.0,5.2,3.8,-4.1,Titanium / Carbon Fibre,0
a0266c3ccc564c158a5f07b1343338ed,Exhaust Systems,Akrapovič,Akrapovič Racing Line Slip-On Exhaust (Titanium),Ultra-lightweight titanium slip-on silencer with carbon fiber end cap. Delivers race-bred sound and power gains.,85000.0,4.5,3.2,-3.1,Titanium & Carbon,1
06ba93285d54499a84e6ed1b740c8a27,Exhaust Systems,Arrow,Arrow Pro-Race Slip-On Exhaust,Nichrom stainless steel silencer designed for adventure and sport riding with removable DB killer.,48000.0,3.1,2.8,-2.4,Nichrom Stainless Steel,1
43675d1c21494b6db57a292b11b27773,Exhaust Systems,Austin Racing,Austin Racing GP1R Titanium Full System,Race-grade GP1R full titanium system for KTM Duke 390; track-only loud performance,42000.0,5.5,4.8,-3.8,Titanium,0
f68c5fa030f24d2b955c4b27ec091af2,Exhaust Systems,Borla,Borla ATAK Full Exhaust (Apache RTR 310),Performance exhaust for TVS Apache RTR 310; hand-polished stainless construction,18000.0,3.5,2.8,-2.0,Stainless Steel,1
eb5c53a5a3ea4338bb3cb3a9aaa87e6d,Exhaust Systems,Dominator Exhausts,Dominator HP1 Carbon Exhaust (Himalayan 450),Adventure-ready carbon body exhaust for Royal Enfield Himalayan 450; trail-tested,28000.0,4.0,3.5,-3.0,Carbon Fibre / Stainless,1
7e21c6104c4c4b78a90eaf72724f4932,Exhaust Systems,LeoVince,LeoVince LV ONE EVO Stainless Steel Exhaust,Matte finish stainless steel silencer with carbon end cap tailored for Aprilia urban max-scooters.,28000.0,1.2,1.0,-1.8,AISI 304 Stainless Steel,1
f7bb457c318f4e66b6a604b49ff25ca0,Exhaust Systems,Powerage Performance,Powerage GT 650 Short Muffler Slip-On Exhaust,Deep throaty sound with 5dB louder note; plug-and-play slip-on for GT 650,12800.0,2.0,1.8,-1.8,Stainless Steel / Heat Wrap,1
d8a54cf5d86546cfb5d0e9fe9393b86c,Exhaust Systems,Red Rooster Performance,RRP 650 Twin Stainless Exhaust System,Premium twin-exit stainless steel exhaust specifically designed for RE 650 Twins; +4BHP,18500.0,4.0,3.5,-4.1,Stainless Steel 316L,0
8229432c86a649959b7236a6cbd09198,Exhaust Systems,SC-Project,SC-Project CRT Full Titanium Exhaust System,MotoGP derived full titanium racing system with high-pitch exhaust note and maximum peak horsepower delivery.,145000.0,8.2,5.4,-5.2,Full Titanium,1
d09a2ae3ae364492a86689ed46fb5f88,Exhaust Systems,Zard,Zard GT 650 Racing Full Titanium Exhaust,Italian-made full titanium racing exhaust for Continental GT 650; race-track ready,58000.0,6.8,5.5,-5.5,Titanium Grade 9,0
2bb5e23cf77f40d8b8afae7a4f61b3c3,Fuel Optimizers & Modules,Dynojet,Dynojet Power Commander VI Fuel Controller,Precision fuel injection tuning module with dual axis mapping functionality for aftermarket exhausts.,32000.0,3.2,2.5,0.2,Electronics,1
b5feda108d6240a1b05e7ab323723fe4,Fuel Optimizers & Modules,FuelX,FuelX Pro Autotune Fuel Optimizer (RE 650),"Plug-and-play autotune fuel optimizer for RE 650; self-adjusting O2 sensor, +2kmpl",9990.0,1.5,1.2,0.0,PCB,1
886a0a2b213a483c8e26608884e8fcb3,Fuel Optimizers & Modules,FuelX,FuelX Pro Autotune for KTM Duke 390,"Auto fuel optimizer for KTM Duke 390; adapts fuelling across RPM range, 10-min install",8490.0,1.2,1.0,0.0,PCB,1
8dee6981313d4afd83a541aa7f9c1778,Headlights & Tail Lights,Custom LED,Custom LED Tail Light with Integrated Indicators,Plug and play clear lens tail light with programmable strobe pattern brake warning function.,9500.0,0.0,0.0,-0.1,ABS Plastics,1
216f856488ec41f59f80f8c7d093d6b5,Headlights & Tail Lights,NightEye,NightEye 7-inch LED Projector Headlight Universal,"Universal 7-inch H4 LED projector headlight; 6000K white beam, DRL halo ring",4200.0,0.0,0.0,-0.4,Die-Cast Aluminium,1
9697171078744434be961d34f228b9b2,Headlights & Tail Lights,NRC,Sequential Front & Rear LED Turn Signals Kit,Ultra-bright sequential amber LED indicator light kit with smoked lenses for aggressive front profile.,12500.0,0.0,0.0,-0.2,Polycarbonate,1
bfba0e8bfcdf4894b26dda0281306e4e,High Performance Brakes,Brembo,Brembo 19RCS Corsa Corta Radial Master Cylinder,"MotoGP technology radial brake master cylinder with adjustable bite point control (N, S, R).",34000.0,0.0,0.0,-0.2,Forged Aluminum,1
7fc21159f72048f98ed04978a1df7c42,High Performance Brakes,EBC Brakes,EBC Double-H Sintered Brake Pads Universal,Sintered HH-rated brake pads for any disc brake motorcycle; excellent wet and dry performance,3600.0,0.0,0.0,0.0,Sintered Metal Compound,1
46c54d2f3039452a817fcf997d50fec2,High Performance Brakes,Hel Performance,Hel Performance Steel Braided Brake Lines Kit,Full Teflon lined stainless steel braided brake hose kit ensuring zero expansion under hard lever pressure.,11000.0,0.0,0.0,-0.3,Stainless Steel & PTFE,1
8b94b540c8a5497f9ed398c526843000,Mirrors & Visibility,Rizoma,CNC Anodized Aluminium Rearview Mirrors,Universal sleek rearview mirror set with tinted blue anti-glare glass and vibration damping stem.,8500.0,0.0,0.0,-0.2,Anodized Aluminum,1
1d6ea01a73e04bcbb7f82a705676997c,Mirrors & Visibility,CRG,CRG Hindsight LS Bar-End Folding Mirrors,Billet aluminum 3-inch round bar-end mirror with anti-glare convex glass and quick folding detent feature.,18000.0,0.0,0.0,-0.3,6061-T6 Aluminum,1
c01dcb06019c4d6c83db7719eea375be,Mirrors & Visibility,Doubletake,Doubletake Adventure Folding Mirrors Kit,Indestructible Zytel body folding mirror with RAM ball mount system engineered for extreme off-road rally conditions.,14500.0,0.0,0.0,0.1,Zytel Nylon Composite,1
38e7f81c48904add801bf183fd8ca503,Mirrors & Visibility,Rizoma,Rizoma Stealth Aero Winglet Bar-End Mirrors,Bi-functional winglet mirror that creates aerodynamic downforce at high speed while acting as rearview mirror.,36000.0,0.0,0.0,-0.4,CNC Aluminum,1
83e1616ca78c486f83bfecce51e27c1d,Performance Air Filters,DNA Filters,DNA Stage-2 Air Box & Filter (KTM Duke 390),Complete Stage-2 air box + high-flow filter for KTM Duke 390; +2.5BHP with matching ECU tune,9200.0,2.5,2.0,-0.2,Cotton Gauze / ABS Airbox,1
340e4de2baaf48e3a94693c07751dfb1,Performance Air Filters,K&N Filters,K&N RE-0930 High-Flow Air Filter (RE 650 Twins),Drop-in cotton gauze high-flow filter for RE 650 Twins; washable & reusable lifetime filter,5490.0,1.2,1.0,0.0,Cotton Gauze / Aluminium Frame,1
4149003581974aa8a32ef2688c5a34e1,Performance Air Filters,K&N Filters,K&N YA-1517 High-Flow Air Filter (R15 V4),"OEM-replacement K&N filter for Yamaha R15 V4; washable, 10-year warranty",4200.0,1.0,0.8,0.0,Cotton Gauze,1
560d30674f0842f6ba6756c67521994d,Performance Tyres,Metzeler,Metzeler Roadtec 01 SE Tyre Set (RE 650),Premium touring + sport tyre set for RE 650 Twins; superior wet grip and longevity,18500.0,0.0,0.0,0.6,Silica Rubber Compound,1
2a946feac4ae430b9969976809e182c2,Performance Tyres,Michelin,Michelin Power 6 Sport Tyre Set (KTM Duke 390),Sport tyre set for KTM Duke 390; XST+ sipe technology for rain confidence,14500.0,0.0,0.0,0.4,Silica Compound,1
b971567fe82745ce8a54e9eb5f741f91,Windshields & Aerodynamics,Ermax,Ermax High Protection Maxi Windshield,Extended height windshield tailored for maxi-scooters to shield torso and shoulders from highway gusts.,9800.0,0.0,0.0,0.3,Methacrylate,1
047d3b6a40704ebeb24574193af35f4a,Windshields & Aerodynamics,MotoTorque,MotoTorque Carbon Fibre Racing Visor (GT 650),Real carbon fibre racing visor for Continental GT 650; lightweight aero advantage,7800.0,0.0,0.0,0.2,Carbon Fibre,1
bc47fe678aaf45288c1420f54bbc4db4,Windshields & Aerodynamics,Puig,Puig Dark Smoke Double Bubble Screen (KTM Duke 390),Spanish-made aerodynamic double bubble windscreen for Duke 390; reduces chest wind pressure,8500.0,0.0,0.0,0.3,Polycarbonate (4mm),1
33d4c188fb7b4a0083d9622285a5e7c9,Windshields & Aerodynamics,Puig,Puig R-Racer Screen (Yamaha R15 V4),"R-Racer aerodynamic windscreen for Yamaha R15 V4; track-focused design, 5 colour options",7200.0,0.0,0.0,0.2,Polycarbonate,1
9fbd291d82ae4b3082b62d496b5e5815,Windshields & Aerodynamics,Puig,Puig Racing Double Bubble Windscreen,Aerodynamically tested acrylic windscreen providing superior wind deflection and reduced helmet buffeting.,11500.0,0.0,0.0,0.1,3mm High Impact Acrylic,1
eb41e77830ca4b28b386e1f5ca9d7ea8,Windshields & Aerodynamics,Puig,Puig Touring Screen with Adjustable Visor,Tall touring windshield with multi-step adjustable upper spoiler for long distance adventure comfort.,16500.0,0.0,0.0,0.4,High Impact Polymer,1
eae4c6b0e96040fa8b6b889f92355909,Windshields & Aerodynamics,Royal Enfield Official,RE Official GT 650 Touring Screen,Genuine Royal Enfield touring windscreen for Continental GT 650; perfect OEM fit,4500.0,0.0,0.0,0.5,Polycarbonate (3mm),1
76ff5f329e4a4f478597bf148b617d1a,Windshields & Aerodynamics,Zana Motorcycles,Zana Himalayan 450 Tall Windscreen,Tall touring windscreen for Himalayan 450; 50% more wind deflection than stock,3200.0,0.0,0.0,0.4,Polycarbonate (5mm),1
