id,brand_name,model_name,category,thumbnail_url,created_at
99e43966eade49dc83cec828f5354b95,Aprilia,RS 457,SPORT,/static/images/aprilia_rs_457.png,2026-07-24 15:22:08
e6314126a40342579f728942c1a082aa,Aprilia,RS 660,SPORT,/static/images/aprilia_rs_660.png,2026-07-24 15:22:08
9e9b7c0e7e3441679d7b641fe0163add,Aprilia,RSV4 Factory 1100,SPORT,/static/images/aprilia_rsv4_factory_1100.png,2026-07-24 15:22:08
b850b705e5fa443e8b0cd5bbd29194f9,Aprilia,SR 160 Storm,SCOOTER,/static/images/aprilia_sr_160_storm.png,2026-07-24 15:22:08
4691f24d67984454a8d1715db09e685c,Aprilia,SXR 160 Maxi,SCOOTER,/static/images/aprilia_sxr_160_maxi.png,2026-07-24 15:22:08
472fcecc2e5c40e9943c2576d0636460,Aprilia,Tuareg 660 Rally,ADVENTURE,/static/images/aprilia_tuareg_660_rally.png,2026-07-24 15:22:08
0c62a94a1f174118b96aaf2e6e6649dd,Aprilia,Tuono 660,NAKED,/static/images/aprilia_tuono_660.png,2026-07-24 15:22:08
cf944a3d3a64429d90bb1bf16dfe9540,Aprilia,Tuono V4 Factory,NAKED,/static/images/aprilia_tuono_v4_factory.png,2026-07-24 15:22:08
1a70ee73f8414be3be832b8f904bf2a1,Ather,450S EV,NAKED,/static/images/ather_450s_ev.png,2026-07-24 15:22:09
90fda81d22a54fac8c0634f2b01b8652,Ather,450X Apex EV,NAKED,/static/images/ather_450x_apex_ev.png,2026-07-24 15:22:09
8157d05d3a1549ea9803ca816ffa5c4e,Ather,Rizta Z EV,NAKED,/static/images/ather_rizta_z_ev.png,2026-07-24 15:22:09
2fb1dee429c54cc28adaff5e2f0f77d3,Bajaj,Avenger Cruise 220,CRUISER,/static/images/bajaj_avenger_cruise_220.png,2026-07-24 15:22:08
3c7267d9fc414b4c87fd115f2eb11434,Bajaj,CT 125X,COMMUTER,/static/images/bajaj_ct_125x.png,2026-07-24 15:22:08
4f56f210e2884a129d0d9971a03fb100,Bajaj,Chetak Premium EV,ELECTRIC,/static/images/bajaj_chetak_premium_ev.png,2026-07-24 15:22:08
c8c6f0762b6f467a900647b6ceef3d30,Bajaj,Dominar 250,TOURER,/static/images/bajaj_dominar_250.png,2026-07-24 15:22:08
ff49bb2e5e164c1181dcd4a2894364d6,Bajaj,Dominar 400,TOURER,/static/images/bajaj_dominar_400.png,2026-07-24 15:22:08
fbb067b032264bf29de69b7433f3c23e,Bajaj,Freedom 125 CNG,COMMUTER,/static/images/bajaj_freedom_125_cng.png,2026-07-24 15:22:08
6f67120426d941cda0ca739381a21077,Bajaj,Pulsar 220F,NAKED,/static/images/bajaj_pulsar_220f.png,2026-07-24 15:22:08
4ab92e8e2259447aa30cf9adee754f24,Bajaj,Pulsar N160,NAKED,/static/images/bajaj_pulsar_n160.png,2026-07-24 15:22:08
20d40657d9b04d1cb01651869499bfd3,Bajaj,Pulsar N250,NAKED,/static/images/bajaj_pulsar_n250.png,2026-07-24 15:22:08
03613ea5402e4c51a69917333b970138,Bajaj,Pulsar NS125,NAKED,/static/images/bajaj_pulsar_ns125.png,2026-07-24 15:22:08
245d1c8be8cf41aa94a6eb695b77ce8c,Bajaj,Pulsar NS160,NAKED,/static/images/bajaj_pulsar_ns160.png,2026-07-24 15:22:08
c0ed063e57734aab966de6487f163d91,Bajaj,Pulsar NS200,NAKED,/static/images/bajaj_pulsar_ns200.png,2026-07-24 15:22:08
cfec18e7472e4c678342546328968eb5,Benelli,502C Cruiser,CRUISER,/static/images/benelli_502c_cruiser.png,2026-07-24 15:22:08
af8c63308bc744f9bfd03e20512dbb14,Benelli,Imperiale 400,CRUISER,/static/images/benelli_imperiale_400.png,2026-07-24 15:22:08
cd590b2a38eb4dc884152e1212c78042,Benelli,Leoncino 500,SCRAMBLER,/static/images/benelli_leoncino_500.png,2026-07-24 15:22:08
9b94c104747a43a29e50c8b28d77babe,Benelli,TNT 600i Inline 4,NAKED,/static/images/benelli_tnt_600i_inline_4.png,2026-07-24 15:22:08
cc3b31288ea845d986997e8923c7030c,Benelli,TRK 502X,ADVENTURE,/static/images/benelli_trk_502x.png,2026-07-24 15:22:08
6136e03312754e4bb0f63cdf7d2d5615,Beta,EVO 300 Trial,NAKED,/static/images/beta_evo_300_trial.png,2026-07-24 15:22:08
75ce9633a0ce48f08921503d3b1220bb,Beta,RR 390 4T,DIRT,/static/images/beta_rr_390_4t.png,2026-07-24 15:22:08
38108277bcf44227b1a915baca6b98d6,Beta,Xtrainer 300 Enduro,ADVENTURE,/static/images/beta_xtrainer_300_enduro.png,2026-07-24 15:22:08
2291f9c3c29f4ddd8dc436578236b287,Bmw Motorrad,CE02 eParkourer,ELECTRIC,/static/images/bmw_ce02_eparkourer.png,2026-07-24 15:22:08
6ca496b39bd14a82acb898547f13727b,Bmw Motorrad,CE04 Electric,ELECTRIC,/static/images/bmw_ce04_electric.png,2026-07-24 15:22:08
1cbbd4e924494f28916d627172449e8a,Bmw Motorrad,F900R,NAKED,/static/images/bmw_f900r.png,2026-07-24 15:22:08
037e65387e1c4c368bfa6f984ba20498,Bmw Motorrad,F900XR,ADVENTURE,/static/images/bmw_f900xr.png,2026-07-24 15:22:08
21cf68de09a74a2eac1f0fa252ff2dc0,Bmw Motorrad,G310GS,ADVENTURE,/static/images/bmw_g310gs.png,2026-07-24 15:22:08
e1a3fa342bb445d4a82d15647dd24ea6,Bmw Motorrad,G310R,NAKED,/static/images/bmw_g310r.png,2026-07-24 15:22:08
0f494871d59741eba6104b1a7df23acb,Bmw Motorrad,M1000RR,SPORT,/static/images/bmw_m1000rr.png,2026-07-24 15:22:08
e7ad5d862bf143faa01b87b0131a08d8,Bmw Motorrad,R1250GS Adventure,ADVENTURE,/static/images/bmw_r1250gs_adventure.png,2026-07-24 15:22:08
84000c2dc31e46208c3db1b4e8de19c7,Bmw Motorrad,R1300GS,ADVENTURE,/static/images/bmw_r1300gs.png,2026-07-24 15:22:08
37a321390b9747d39d5e60af059d2703,Bmw Motorrad,R18 Cruiser,CRUISER,/static/images/bmw_r18_cruiser.png,2026-07-24 15:22:08
c1f9153b630d4559b3860f91451a622d,Bmw Motorrad,S1000RR,SPORT,/static/images/bmw_s1000rr.png,2026-07-24 15:22:08
446eb0fcc0cd49c2af42ec0fe578f455,Bmw Motorrad,S1000XR,ADVENTURE,/static/images/bmw_s1000xr.png,2026-07-24 15:22:08
b95e25517d0a48bf9a8cf3bf4ca41c6e,Brixton,Cromwell 1200,CRUISER,/static/images/brixton_cromwell_1200.png,2026-07-24 15:22:08
62fef77841364d6eab5a8f552e6e7fa9,Brixton,Crossfire 500 XC,SCRAMBLER,/static/images/brixton_crossfire_500_xc.png,2026-07-24 15:22:08
cfff60c9940d4c20ad2eac2c65f243a6,Brixton,Felsberg 125 CX,SCRAMBLER,/static/images/brixton_felsberg_125_cx.png,2026-07-24 15:22:08
ef4c771a690d4ce8aa1c0b1847ddd017,Bsa,Bantam 350 Concept,CRUISER,/static/images/bsa_bantam_350_concept.png,2026-07-24 15:22:08
d18868676a4a4dada94fc8c5a79bf38a,Bsa,Gold Star 650,CRUISER,/static/images/bsa_gold_star_650.png,2026-07-24 15:22:08
d65379892f95463993ab7a0ba6c6ee81,Bsa,Scrambler 650,SCRAMBLER,/static/images/bsa_scrambler_650.png,2026-07-24 15:22:08
dcdcc4cb08334b5ba3004548cbbd4b1b,Cfmoto,300NK Naked,NAKED,/static/images/cfmoto_300nk_naked.png,2026-07-24 15:22:08
3ecb9b4ba64c417bb505c61d3cef4273,Cfmoto,450SR Supersport,SPORT,/static/images/cfmoto_450sr_supersport.png,2026-07-24 15:22:08
4a9012f08068446f95a47c075b06ff33,Cfmoto,650MT Tourer,TOURER,/static/images/cfmoto_650mt_tourer.png,2026-07-24 15:22:08
d2917a177d3349a0a3fc97c083b8c031,Cfmoto,800NK Hyper Naked,NAKED,/static/images/cfmoto_800nk_hyper_naked.png,2026-07-24 15:22:08
0002e4d770d44e618e1a3ec213c9ec9e,Ducati,DesertX Rally,ADVENTURE,/static/images/ducati_desertx_rally.png,2026-07-24 15:22:08
e24ae2f9d9ed4c689309a95378a549a3,Ducati,Diavel V4,CRUISER,/static/images/ducati_diavel_v4.png,2026-07-24 15:22:08
345ac72889b74dddb2499e86ae1fe4a2,Ducati,Hypermotard 950 RVE,SUPERMOTO,/static/images/ducati_hypermotard_950_rve.png,2026-07-24 15:22:08
6d20933b58404fb7ae375f54bdbe26ab,Ducati,Monster SP,NAKED,/static/images/ducati_monster_sp.png,2026-07-24 15:22:08
64b989c16dc24d2d89135d1662fc3576,Ducati,Multistrada V4 S,ADVENTURE,/static/images/ducati_multistrada_v4_s.png,2026-07-24 15:22:08
5a3ea0a3da1e475eb8afc54eb5a46ce3,Ducati,Panigale V2,SPORT,/static/images/ducati_panigale_v2.png,2026-07-24 15:22:08
b2e26a57a0b8483e9806e9566d33f6ea,Ducati,Panigale V4 S,SPORT,/static/images/ducati_panigale_v4_s.png,2026-07-24 15:22:08
cb12307a8e3c46c297c82f295c52cc3f,Ducati,Scrambler Icon 2G,SCRAMBLER,/static/images/ducati_scrambler_icon_2g.png,2026-07-24 15:22:08
f2951d09f8a34ef491059da58187d9af,Ducati,Streetfighter V4 SP2,NAKED,/static/images/ducati_streetfighter_v4_sp2.png,2026-07-24 15:22:08
5951e604673d4523856fca584be3f549,Ducati,SuperSport 950 S,SPORT,/static/images/ducati_supersport_950_s.png,2026-07-24 15:22:08
5c2174d820194f68967cfd5886c32fa7,Fantic,Caballero 500 Scrambler,SCRAMBLER,/static/images/fantic_caballero_500_scrambler.png,2026-07-24 15:22:08
c719f13954774167b9d43169303e4f2e,Fantic,Imola 500 Concept,SPORT,/static/images/fantic_imola_500_concept.png,2026-07-24 15:22:08
282f3794ecc240cab561c932cdf3a80b,Fantic,XEF 450 Rally,ADVENTURE,/static/images/fantic_xef_450_rally.png,2026-07-24 15:22:08
515a5deeaecd465eb6378f74d472bd6f,Gasgas,EC 300 2-Stroke,DIRT,/static/images/gasgas_ec_300_2stroke.png,2026-07-24 15:22:08
f5adb243e54a46b99e1ce02a1d80a63f,Gasgas,ES 700 Enduro,ADVENTURE,/static/images/gasgas_es_700_enduro.png,2026-07-24 15:22:08
48449aecf2f8445a95c1cc414c66ea5d,Gasgas,SM 700 Supermoto,SUPERMOTO,/static/images/gasgas_sm_700_supermoto.png,2026-07-24 15:22:08
273a515b840f4093914b7a302a25fb3c,Harley Davidson,Breakout 117,CRUISER,/static/images/harley_breakout_117.png,2026-07-24 15:22:08
e896e2bbbfab4bb3b17bd75a7a51f562,Harley Davidson,CVO Street Glide,TOURER,/static/images/harley_cvo_street_glide.png,2026-07-24 15:22:08
2363d8087fa84ff3b6f6a3ac86f993ea,Harley Davidson,Fat Boy 114,CRUISER,/static/images/harley_fat_boy_114.png,2026-07-24 15:22:08
1bbbc6f97f184031946d7b364e82a67c,Harley Davidson,Heritage Classic 114,CRUISER,/static/images/harley_heritage_classic_114.png,2026-07-24 15:22:08
a4fa4d6d9df64a839a48a4918f27565c,Harley Davidson,Nightster Special,CRUISER,/static/images/harley_nightster_special.png,2026-07-24 15:22:08
1dd2065a3ba34872b25effe266b685ad,Harley Davidson,Pan America 1250 Special,ADVENTURE,/static/images/harley_pan_america_1250_special.png,2026-07-24 15:22:08
6ef360d375ce45c7a6553aff90f992bc,Harley Davidson,Road Glide Limited,TOURER,/static/images/harley_road_glide_limited.png,2026-07-24 15:22:08
2781343c792d42d089cae0d62fd4530a,Harley Davidson,Sportster S,CRUISER,/static/images/harley_sportster_s.png,2026-07-24 15:22:08
ed7957b98a28415189e7bdccafd78654,Harley Davidson,Street Glide Special,TOURER,/static/images/harley_street_glide_special.png,2026-07-24 15:22:08
235543542e9f4ab6b2e35385b29b4bb3,Harley Davidson,X440 Roadster,NAKED,/static/images/harley_x440_roadster.png,2026-07-24 15:22:08
7ddb5ce35ba34088b30a0040bf5dd7e4,Hero,Glamour XTEC,COMMUTER,,2026-07-24 15:22:08
585f5e42e4404b43a9cdbd5cf273d27e,Hero,HF Deluxe i3S,COMMUTER,,2026-07-24 15:22:08
9fce13efc5b94cd3838093e07e085ad5,Hero,Karizma XMR 210,SPORT,,2026-07-24 15:22:08
d534a7960fc4410586d705991778e7d5,Hero,Mavrick 440,NAKED,,2026-07-24 15:22:08
20ce42d036814059ba157fe7bf203703,Hero,Passion Plus,COMMUTER,,2026-07-24 15:22:08
86dace442c1e4619b6f0c8c233039e5f,Hero,Splendor Plus XTEC,COMMUTER,,2026-07-24 15:22:08
ee5fa60b34f44011ad34327cd20ad8be,Hero,Super Splendor XTEC,COMMUTER,,2026-07-24 15:22:08
e7efa3619f3044bfa33a5eb39cd9e582,Hero,Vida V1 Pro EV,ELECTRIC,,2026-07-24 15:22:08
740910d634b849bd8f532ab504d952e4,Hero,Xpulse 200 4V,ADVENTURE,,2026-07-24 15:22:08
b7ca8399fcd940e3a9742324f6c2bed3,Hero,Xtreme 125R,NAKED,,2026-07-24 15:22:08
35172cc4390e4d87b940bbb7e75b384f,Hero,Xtreme 160R 4V,NAKED,,2026-07-24 15:22:08
7250627dd583499386a0eedb00c1f83a,Hero,Xtreme 200S 4V,SPORT,,2026-07-24 15:22:08
cf50026745bc4791978a389bdbb4fe1a,Honda,Activa 6G,SCOOTER,,2026-07-24 15:22:07
9aac105f82f84e54a7fba30e986cb61f,Honda,Africa Twin,ADVENTURE,,2026-07-24 15:22:07
4a67209a301e4c84ae30efb7e1278240,Honda,CB300R,NAKED,,2026-07-24 15:22:07
feb7d6cc086941b2af56fefc1240dd5d,Honda,CB350,CRUISER,,2026-07-24 15:22:07
db7c119cccd54fc29eee619f64e1c288,Honda,CBR1000RR-R,SPORT,,2026-07-24 15:22:07
e4d686003578484bb9a073667df9c93e,Honda,CBR650R,SPORT,/static/images/honda_cbr_650r.png,2026-07-24 15:22:07
a051a1a54a904a8189b9ba0617643a9e,Honda,CL500 Scrambler,SCRAMBLER,,2026-07-24 15:22:07
f534cec475e6459d8639db6c5708c624,Honda,Gold Wing,TOURER,,2026-07-24 15:22:07
cc1d15104988487d984f1c26f61a4be8,Honda,Hness CB350,CRUISER,,2026-07-24 15:22:07
e1c87b3197bf47e0b071dcecf8b78a30,Honda,Hornet 2.0,NAKED,,2026-07-24 15:22:07
052b5cf83f3043d38074a4062dfc0891,Honda,Rebel 500,CRUISER,,2026-07-24 15:22:07
52274384a8534e2a84535bfb4cbf0d2f,Honda,SP160,COMMUTER,,2026-07-24 15:22:07
9e4af412f3d04ae892dc949856013fbf,Honda,Shine 125,COMMUTER,,2026-07-24 15:22:07
776fc2835a2d4c9ab52788b2cbbdec3f,Honda,Transalp 750,ADVENTURE,,2026-07-24 15:22:07
2ba3744ea79f4ece9d073730ae76f043,Honda,Unicorn,COMMUTER,,2026-07-24 15:22:07
05b857aebb8a4fe0b5b9e91bf06d0aba,Husqvarna,Norden 901 Expedition,ADVENTURE,,2026-07-24 15:22:08
ebffdff15186414798ce5a60a6aa9ea7,Husqvarna,Svartpilen 250,SCRAMBLER,,2026-07-24 15:22:08
4139350e451546baa8904dc0d6c33856,Husqvarna,Svartpilen 401,SCRAMBLER,,2026-07-24 15:22:08
f1020241887f4064b96a63540e7929f5,Husqvarna,Vitpilen 250,NAKED,,2026-07-24 15:22:08
0dad0ee949824c1e8eb79f55db954778,Hyosung,GT250R Comet,SPORT,,2026-07-24 15:22:08
02779f5d3cc246cba046c73c4831e0a4,Hyosung,GT650R Super,SPORT,,2026-07-24 15:22:08
b91479f495f94b3a996c641c9668bd8e,Hyosung,GV250 Aquila,CRUISER,,2026-07-24 15:22:08
1b708876557b4a2db6d571f4e7e4cead,Hyosung,GV650 Aquila Pro,CRUISER,,2026-07-24 15:22:08
41c66eb5bcd447389d204f46180faad9,Jawa,Jawa 350 Classic,CRUISER,,2026-07-24 15:22:08
ae2a42c2f0b246f2b878f000b1111bd6,Jawa,Jawa 354 Vintage,CRUISER,,2026-07-24 15:22:08
0c06572d4fe14caf80e682c8f0d83a0e,Jawa,Jawa 42 Bobber,CRUISER,,2026-07-24 15:22:08
76ccefadd3af4a75a320d6bf9779ee5c,Jawa,Jawa Perak,CRUISER,,2026-07-24 15:22:08
136af229853b45acacb8496054b99708,Kawasaki,Eliminator 450,CRUISER,,2026-07-24 15:22:08
ac2e5a1c59cd47bfb8a67c45133a656c,Kawasaki,Ninja 300,SPORT,,2026-07-24 15:22:08
370fef392c1246d7a6353fb2fc231573,Kawasaki,Ninja 500,SPORT,,2026-07-24 15:22:08
33198570bb46422fbdeaa424036baf19,Kawasaki,Ninja 650,SPORT,,2026-07-24 15:22:08
26cc1b5cb017441b9c26967ea384b5a3,Kawasaki,Ninja ZX-10R,SPORT,,2026-07-24 15:22:08
5a6aac6022e7429aaedb25d0fac0d83f,Kawasaki,Ninja ZX-4R,SPORT,,2026-07-24 15:22:08
efd4e189f87648b99e2095d328c7a877,Kawasaki,Ninja ZX-6R,SPORT,,2026-07-24 15:22:08
2d0dc2c38466496caa581fe8f507a4c1,Kawasaki,Versys 1000,ADVENTURE,,2026-07-24 15:22:08
3c248abd952c4f73a9280e623f0588bc,Kawasaki,Versys 650,ADVENTURE,,2026-07-24 15:22:08
da8a67bd659d48f99a8b4c9dbe9daabb,Kawasaki,W800 Retro,CRUISER,,2026-07-24 15:22:08
d101383e074a407a8a6ba85c4f65760a,Kawasaki,Z650 Sugomi,NAKED,,2026-07-24 15:22:08
d19648c1954d4484afed39cdeb374f44,Kawasaki,Z900 Supernaked,NAKED,,2026-07-24 15:22:08
19d1fb5f0b5e4a9a95320f2190f57075,Keeway,K300 R Sport,SPORT,,2026-07-24 15:22:09
fd1a3c32b5e245028f56edf92b5e580e,Keeway,Sixties 300i Retro,SCOOTER,,2026-07-24 15:22:09
c44dd8fad2894c2bbcd6f4d2e031bed0,Keeway,V302C V-Twin Cruiser,CRUISER,,2026-07-24 15:22:09
d570a3a0ee894cca893a413e7720568f,Ktm,1290 Super Duke R,NAKED,,2026-07-24 15:22:07
90373fec96fb4ddbb67f497cabb2a649,Ktm,450 Rally Replica,ADVENTURE,,2026-07-24 15:22:07
a8e1573534384fc49039fe2017074a1b,Ktm,690 SMC R,SUPERMOTO,,2026-07-24 15:22:07
371d345e7aa84304b11b8d694b23cd25,Ktm,890 Adventure R,ADVENTURE,,2026-07-24 15:22:07
f7371bbb16e34e27ae230fa7931f3170,Ktm,Adventure 250,ADVENTURE,,2026-07-24 15:22:07
bc0590ff3777410e88e25fffa0e0851d,Ktm,Adventure 390,ADVENTURE,,2026-07-24 15:22:07
1fe52ad2ef904986a65d58cb798d0dd0,Ktm,Duke 125,NAKED,/static/images/ktm_duke_125_bike.png,2026-07-24 15:22:07
3011892aed654a0d85390709c01292f4,Ktm,Duke 200,NAKED,/static/images/ktm_duke_200_bike.png,2026-07-24 15:22:07
07eed25b049c40c2acad727b96645408,Ktm,Duke 250,NAKED,/static/images/ktm_duke_250_bike.png,2026-07-24 15:22:07
4745af9631234672bf62c6e35db2c3b8,Ktm,Duke 390,NAKED,/static/images/ktm_duke_390.png,2026-07-24 15:22:07
c5017593761c479b8e4d2db5f117cad3,Ktm,RC 200,SPORT,,2026-07-24 15:22:07
eb8855135d344c738c233b378d906926,Ktm,RC 390,SPORT,/static/images/ktm_rc_390_bike.png,2026-07-24 15:22:07
54d883229eef450d971b6693c22af2d4,Kymco,AK 550 Premium,NAKED,,2026-07-24 15:22:09
2d20c3333bdc462fb8a6f655ffc0c1fb,Kymco,Downtown 350i,NAKED,,2026-07-24 15:22:09
114f4a88d2ac488392b78aa07a16868c,Kymco,Like 125 EV,NAKED,,2026-07-24 15:22:09
295567a8528f4a158ef25af15998be79,Mash,Desert Force 400,SCRAMBLER,,2026-07-24 15:22:08
2e1443889ea34aeb8b99490da6c6c954,Mash,Fifty 50cc,NAKED,,2026-07-24 15:22:08
9eb29e8df4ad4a3ca87ad6258cf92b6a,Mash,Six Hundred 650,CRUISER,,2026-07-24 15:22:08
5b62c8f4b01e471e9de1bb188aa3e2a2,Matter,AERA 5000+ Gear,NAKED,,2026-07-24 15:22:09
5570ad0274664294a6ea605f6b68118a,Moto Guzzi,V100 Mandello S,TOURER,,2026-07-24 15:22:08
a7167e09782743188adb07b3a2b16476,Moto Guzzi,V7 Stone Special,CRUISER,,2026-07-24 15:22:08
1656d208f6734bf0b8681dd28cffdcbe,Moto Guzzi,V85 TT Adventure,ADVENTURE,,2026-07-24 15:22:08
949e2d351c664d71af6eb6be78180f03,Moto Morini,Seiemmezzo 650 SCR,SCRAMBLER,,2026-07-24 15:22:09
bea543dc7200415dbf1af447b78ad3e9,Moto Morini,Seiemmezzo 650 STR,NAKED,,2026-07-24 15:22:09
f8322887028b42a890a1b2c12602739f,Moto Morini,X-Cape 650 Adventure,ADVENTURE,,2026-07-24 15:22:09
b7662323a51d4bf09bafbba4f4211bf6,Mv Agusta,Brutale 1000 RR,NAKED,,2026-07-24 15:22:09
5c607000a0314752b99786cd95b5e28b,Mv Agusta,F3 800 RR,SPORT,,2026-07-24 15:22:08
8ea3250c3c114fbf8dd505f3c30ce254,Mv Agusta,Superveloce 800,NAKED,,2026-07-24 15:22:09
bc3836c492ad4b0da2c858718064dd13,Norton,Atlas Nomad 650,SCRAMBLER,,2026-07-24 15:22:08
c32e9e6eea684d969104f1bb24572658,Norton,Commando 961 Sport,CRUISER,,2026-07-24 15:22:08
2462bb7ff8114dd8b94e9a4af7c18766,Norton,V4CR Cafe Racer,NAKED,,2026-07-24 15:22:08
baecfe10d62e4bcaa93a97d2b8455f0d,Norton,V4SV Superbike,SPORT,,2026-07-24 15:22:08
913523b4ac3f4e959fe8a0144f6925ba,Ola Electric,Roadster Pro Bike,NAKED,,2026-07-24 15:22:09
8736dfd8c6ce47008f9802f120d300ae,Ola Electric,S1 Air EV,NAKED,,2026-07-24 15:22:09
8abfe3d528d540c7ab55473910a61d69,Ola Electric,S1 Pro Gen 2,NAKED,,2026-07-24 15:22:09
aef8d644fd124d0c9d5be402bc1f377e,Ola Electric,S1 X 4kWh,NAKED,,2026-07-24 15:22:09
1632d8645ed242d49728f2a579875360,Piaggio,MP3 530 Exclusive 3-Wheel,NAKED,,2026-07-24 15:22:09
5301f239be1746c48c14c356dc6964f1,Piaggio,Medley 150 S,SCOOTER,,2026-07-24 15:22:09
da71afebd22040d097876be9c20a931e,Qjmotor,SRC 500 Retro,CRUISER,,2026-07-24 15:22:09
22e796775ad54401989be487cb03bee1,Qjmotor,SRK 400 Naked,NAKED,,2026-07-24 15:22:09
bf1820b2a13140a7b82b25b71af7c4a4,Qjmotor,SRV 300 V-Twin,CRUISER,,2026-07-24 15:22:09
fb017004d00e477f954758626cc22d73,Revolt,RV400 BRZ EV,NAKED,,2026-07-24 15:22:09
cb7ba107c6544a6398a4fcff60f31b33,Revolt,RV400 Cricket Edition,NAKED,,2026-07-24 15:22:09
1b112c8bec114b8fa134fa69e1c159d7,Royal Enfield,Bear 650,SCRAMBLER,,2026-07-24 15:22:07
0f5f2d2e30074fb281d3ceb88cd714fc,Royal Enfield,Bullet 350,CRUISER,,2026-07-24 15:22:07
b31e567d8bfe4b2795b58dbe3e7e6705,Royal Enfield,Classic 350,CRUISER,/static/images/re_classic_350_bike.png,2026-07-24 15:22:07
1500cae657ba4deca3afeb1b48985106,Royal Enfield,Continental GT 650,NAKED,/static/images/re_gt_650_bike.png,2026-07-24 15:22:07
97194c2eec35478394a9d23e08fb9dc9,Royal Enfield,Guerrilla 450,NAKED,,2026-07-24 15:22:07
d0b1739bed93457aa60491f8a5fba50b,Royal Enfield,Himalayan 450,ADVENTURE,/static/images/re_himalayan_450_bike.png,2026-07-24 15:22:07
ddc9068e7361455696e28a451904abef,Royal Enfield,Hunter 350,NAKED,/static/images/re_hunter_350_bike.png,2026-07-24 15:22:07
b7e43cb2f76b4c85b56107aea2cc41e2,Royal Enfield,Interceptor 650,NAKED,,2026-07-24 15:22:07
74eccc1c03b24da48404cdf3d160045a,Royal Enfield,Meteor 350,CRUISER,,2026-07-24 15:22:07
fc9c449190534c2f948be5db4ce4632a,Royal Enfield,Scram 411,SCRAMBLER,,2026-07-24 15:22:07
42feb73047984025bbcdec7b155e618a,Royal Enfield,Shotgun 650,CRUISER,,2026-07-24 15:22:07
dfea5bce632f41e58d6ee34a13817b4e,Royal Enfield,Super Meteor 650,CRUISER,,2026-07-24 15:22:07
f9977c03e7e240bdbad7fd7401fef473,Sherco,250 SE 2-Stroke,DIRT,,2026-07-24 15:22:08
73ee2f04d0e44db4a6f63d0965e5bff5,Sherco,300 SEF-R Factory,ADVENTURE,,2026-07-24 15:22:08
ab50d95acc2d4731a59fff85d7bd13b3,Sherco,500 SEF Factory,ADVENTURE,,2026-07-24 15:22:08
2e3ea71de6434365954d533d2cf6ba6e,Suzuki,Access 125 Ride,SCOOTER,,2026-07-24 15:22:08
f7a8cbf5236947c9b46ba8db2d2b4654,Suzuki,Avenis 125,SCOOTER,,2026-07-24 15:22:08
e6c6b96cc5fa4f96822a41d0d445bc68,Suzuki,Burgman Street 125,SCOOTER,,2026-07-24 15:22:08
292363b986a94612bd49c31152bed43e,Suzuki,GSX-8R,SPORT,,2026-07-24 15:22:08
91563bcb772a4113be61870854ec195c,Suzuki,Gixxer 150 Naked,NAKED,,2026-07-24 15:22:08
c4c2f17dbd974a6b91c0fb1a9e1f3928,Suzuki,Gixxer 250 Naked,NAKED,,2026-07-24 15:22:08
5d45041507b94bcf8dd872f7ae953009,Suzuki,Gixxer SF 150,SPORT,,2026-07-24 15:22:08
454bbc2bfd7c41bdb6d51ba6d2414b72,Suzuki,Gixxer SF 250,SPORT,,2026-07-24 15:22:08
3fdbf8c3dae440d0b1d761abc5f1c4a6,Suzuki,Hayabusa 1300,SPORT,,2026-07-24 15:22:08
7077783bd2c94c73b36011a9d42befe2,Suzuki,Katana 1000,CRUISER,,2026-07-24 15:22:08
a23834e5c042477f96584f502154832f,Suzuki,V-Strom 800DE,ADVENTURE,,2026-07-24 15:22:08
42a5afbc3edf434d82b4ebe303183855,Suzuki,V-Strom SX 250,ADVENTURE,,2026-07-24 15:22:08
137ac372ad5f42b18fc7d79e492e238a,Sym,Maxsym TL 508,NAKED,,2026-07-24 15:22:09
2459243a61594cb0a4f100b45d32d30b,Sym,NH T 200 Adventure,NAKED,,2026-07-24 15:22:09
ed408bf5b9e24459a7e58fe8ef21fb52,Triumph,Bonneville T120,CRUISER,,2026-07-24 15:22:08
cbb152c3338f4e558598cbb766b6ff6a,Triumph,Rocket 3 R,CRUISER,,2026-07-24 15:22:08
a251b3e3fdc74e07a6ef4e1ef2d7481f,Triumph,Scrambler 400 X,SCRAMBLER,,2026-07-24 15:22:08
a961b593ffc14534b09084e02cf67184,Triumph,Speed 400,NAKED,,2026-07-24 15:22:08
94a9018d1c924ecd85e24410d4958ba2,Triumph,Speed Triple 1200 RS,NAKED,,2026-07-24 15:22:08
2533a576e29c49468923dd28acb0caa1,Triumph,Street Triple 765 RS,NAKED,,2026-07-24 15:22:08
15c78d7a73314618af3e1f09ec102212,Triumph,Thruxton 1200 RS,NAKED,,2026-07-24 15:22:08
34e33d58810a4f8d827574139d429a69,Triumph,Tiger 1200 Rally Explorer,ADVENTURE,,2026-07-24 15:22:08
f557634ba7394a7bb3c3adfb88c15486,Triumph,Tiger 900 Rally Pro,ADVENTURE,,2026-07-24 15:22:08
f4abddd823544c7b96f57d9e15fd9532,Triumph,Trident 660,NAKED,,2026-07-24 15:22:08
b99ce4c94e9c4837a341c1ac3873d6d3,Tvs,Apache RR310,SPORT,,2026-07-24 15:22:07
ece67238c38d486f97335679e58add98,Tvs,Apache RTR 160 4V,NAKED,,2026-07-24 15:22:07
2b670bd3a7104a2795efd913e20177e1,Tvs,Apache RTR 200 4V,NAKED,,2026-07-24 15:22:07
355d24d40b7144b1b6af0bb479b993a8,Tvs,Apache RTR 310,NAKED,,2026-07-24 15:22:07
35457c4d072b4f4991c34b2d53d7ccc7,Tvs,Jupiter 125,SCOOTER,,2026-07-24 15:22:07
d25e4cd1e93149eabca9ed4f705fee9d,Tvs,NTorq 125 Race XP,SCOOTER,,2026-07-24 15:22:07
6175fcb9ab3844c99884f84bf76a874d,Tvs,Raider 125,COMMUTER,,2026-07-24 15:22:07
d0ceebbed2974aada514163a2d99024c,Tvs,Ronin 225,SCRAMBLER,,2026-07-24 15:22:07
2967dcd007e34d3f8681c80015c90829,Tvs,Sport,COMMUTER,,2026-07-24 15:22:08
3f98219ba16747b0aa428c9e44dd7ed3,Tvs,Star City Plus,COMMUTER,,2026-07-24 15:22:08
8b84225828c5474dab7cf2e0b9792c93,Tvs,XL100 Heavy Duty,NAKED,,2026-07-24 15:22:08
c79993c52647486dbc5dd833468d6533,Tvs,iQube Electric,ELECTRIC,,2026-07-24 15:22:08
5f23431f097c4c6ea738d94322792053,Ultraviolette,F77 Mach 2 Recon,SPORT,,2026-07-24 15:22:09
f8526b235ec54651b4d81a65435bb3c1,Ultraviolette,F77 SuperStreet,NAKED,,2026-07-24 15:22:09
be7136a02bfe4145ace9f74f9ad2767a,Um Motorcycles,Renegade Commando 300,CRUISER,,2026-07-24 15:22:08
a81482443fd84190811d8ae78e82a3d4,Um Motorcycles,Renegade Thor Electric,CRUISER,,2026-07-24 15:22:08
58d6c62edb844c11b8eded7ed0ac3b3f,Um Motorcycles,Renegade Vegas 300,CRUISER,,2026-07-24 15:22:08
0098a9b960924794a2841975655315a2,Ural,GEO Limited Edition,NAKED,,2026-07-24 15:22:08
7f0f1ba0a0704f2b9119aa80dd2dc684,Ural,Gear Up 750 Sidecar,NAKED,,2026-07-24 15:22:08
278acab4fee04313ba4d59d8f1d3edc0,Ural,cT City Sidecar,NAKED,,2026-07-24 15:22:08
20307747bac44707ad2bcf84f32cca4e,Vespa,Elettrica EV,NAKED,,2026-07-24 15:22:09
27529d40f8c5492885fbbce88d3c9907,Vespa,GTS Super 300,SCOOTER,,2026-07-24 15:22:09
a818d16cea3b44f3a2355ad4358986d4,Vespa,Primavera 150,SCOOTER,,2026-07-24 15:22:09
a14804fa77ea4c8c81b48c2373a1757d,Yamaha,Aerox 155,SCOOTER,,2026-07-24 15:22:07
1238816759c54e95a6da07b098fcfe5b,Yamaha,FZ-S FI,NAKED,,2026-07-24 15:22:07
1072df27a4e14ed3bb8fc44ff5ba784b,Yamaha,FZ-X,SCRAMBLER,,2026-07-24 15:22:07
db665acfdf254ee6b9627fa66007146c,Yamaha,Fascino 125,SCOOTER,,2026-07-24 15:22:07
07390dcb7c9d44af9234587bc18d4f60,Yamaha,MT-03,NAKED,,2026-07-24 15:22:07
25e537f2479c4584a6b2b90e9238720f,Yamaha,MT-07,NAKED,,2026-07-24 15:22:07
a9a0b396b28a4e5daa453f97417dfbca,Yamaha,MT-09,NAKED,,2026-07-24 15:22:07
1024d5c951d44398a9fdfed322f610e0,Yamaha,MT-15 V2,NAKED,/static/images/yamaha_mt_15_bike.png,2026-07-24 15:22:07
a1be0e4180eb482982c6db604e742db8,Yamaha,R1,SPORT,,2026-07-24 15:22:07
9e7e5b132a4247d59d54d7d251a7e69d,Yamaha,R15 V4,SPORT,,2026-07-24 15:22:07
edfdcfe97835404da22de3927c3be705,Yamaha,R3,SPORT,,2026-07-24 15:22:07
9ec91ffeee054b3c872cbb937bb69c09,Yamaha,RayZR 125,SCOOTER,,2026-07-24 15:22:07
de7e27284f0240b2b7ea81ea58d4dd3d,Yamaha,Tenere 700,ADVENTURE,,2026-07-24 15:22:07
458988e636f9453bbf2c87e361262e3e,Yamaha,Tracer 9 GT,TOURER,,2026-07-24 15:22:07
15cc12ffa0944b4aab841cbd40b4671e,Yamaha,XSR900,CRUISER,,2026-07-24 15:22:07
da3af40c3e254975ab546b39e73c602c,Yezdi,Adventure 334,ADVENTURE,,2026-07-24 15:22:08
5e185e024f194b58a33175586492793a,Yezdi,Roadster 334,NAKED,,2026-07-24 15:22:08
39e3808a0f6b42e1afbf5fa556320334,Yezdi,Scrambler 334,SCRAMBLER,,2026-07-24 15:22:08
6a44c8f1cb4d42e59232b6780e0a1e61,Zero Motorcycles,DSR/X Electric Adventure,NAKED,,2026-07-24 15:22:09
6f6d163ecc9047e7bb39386c7388b323,Zero Motorcycles,FXE Electric Supermoto,NAKED,,2026-07-24 15:22:09
8a746ec7cdcd46a587c1504d42f7fd62,Zero Motorcycles,SR/F Electric Naked,NAKED,,2026-07-24 15:22:09
c25a3964200a426f8614fac028f1593d,Zontes,350R Hyper Naked,NAKED,,2026-07-24 15:22:09
f2d2abd89f154069b1ed0f43ab322251,Zontes,350T Adventure,ADVENTURE,,2026-07-24 15:22:09
928456e7732d4a0b9e16fe55f130c20a,Zontes,350V Cruiser,CRUISER,,2026-07-24 15:22:09
